store_id,product_id,stock_level,reorder_point,last_restocked,supplier_id
1,1,49,44,2026-04-10,3
1,2,4,19,2026-05-13,9
1,3,26,36,2026-04-13,13
1,4,24,38,2026-05-11,1
1,5,119,49,2026-04-07,8
1,6,16,24,2026-05-10,4
1,7,25,30,2026-04-15,18
1,8,71,36,2026-04-06,10
1,9,43,44,2026-04-19,13
1,10,151,20,2026-04-06,8
1,11,66,27,2026-03-25,18
1,12,132,42,2026-03-25,9
1,13,137,28,2026-04-06,3
1,14,38,34,2026-05-06,13
1,15,118,32,2026-04-06,1
1,16,94,44,2026-04-23,16
1,17,36,27,2026-05-03,13
1,18,6,44,2026-04-16,15
1,19,27,18,2026-04-20,11
1,20,11,14,2026-05-14,20
1,21,177,30,2026-04-19,16
1,22,91,15,2026-04-01,5
1,23,176,34,2026-05-10,20
1,24,115,13,2026-05-09,19
1,25,7,30,2026-05-04,12
1,26,117,22,2026-04-05,16
1,27,69,32,2026-04-05,12
1,28,183,40,2026-04-01,2
1,29,196,31,2026-04-02,9
1,30,177,16,2026-05-11,10
1,31,61,15,2026-03-28,10
1,32,41,37,2026-03-26,4
1,33,191,43,2026-04-05,17
1,34,25,29,2026-04-05,10
1,35,73,19,2026-03-30,2
1,36,177,33,2026-04-02,12
1,37,33,38,2026-04-17,13
1,38,142,41,2026-04-30,5
1,39,23,30,2026-04-10,11
1,40,10,18,2026-04-19,8
1,41,82,26,2026-05-18,15
1,42,62,24,2026-04-14,13
1,43,107,29,2026-04-19,7
1,44,71,34,2026-03-25,3
1,45,147,41,2026-04-12,17
1,46,189,37,2026-05-07,17
1,47,158,12,2026-04-13,1
1,48,178,33,2026-04-01,10
1,49,193,45,2026-04-21,2
1,50,82,15,2026-05-16,10
1,51,52,47,2026-05-13,16
1,52,55,11,2026-05-08,19
1,53,161,40,2026-05-15,19
1,54,14,13,2026-05-18,11
1,55,73,14,2026-05-13,4
1,56,50,24,2026-05-07,18
1,57,177,44,2026-04-24,16
1,58,60,48,2026-04-14,12
1,59,61,22,2026-03-31,2
1,60,58,41,2026-04-22,16
1,61,144,13,2026-04-19,6
1,62,135,48,2026-05-01,20
1,63,124,15,2026-04-13,4
1,64,37,36,2026-04-21,7
1,65,186,11,2026-05-06,7
1,66,88,34,2026-03-29,14
1,67,0,16,2026-05-01,6
1,68,132,32,2026-05-01,1
1,69,110,17,2026-03-23,15
1,70,159,36,2026-04-01,18
1,71,0,30,2026-04-12,1
1,72,190,35,2026-04-05,14
1,73,14,18,2026-03-25,19
1,74,85,14,2026-03-23,15
1,75,154,29,2026-04-17,19
1,76,10,17,2026-04-20,13
1,77,16,35,2026-04-19,5
1,78,93,35,2026-05-02,3
1,79,57,50,2026-04-05,6
1,80,191,41,2026-04-02,19
1,81,9,49,2026-03-29,4
1,82,173,19,2026-04-04,18
1,83,200,24,2026-04-05,16
1,84,192,38,2026-05-13,12
1,85,163,21,2026-04-29,15
1,86,109,14,2026-05-05,15
1,87,68,14,2026-04-28,12
1,88,140,34,2026-05-15,9
1,89,7,23,2026-05-15,10
1,90,153,38,2026-03-30,16
1,91,16,24,2026-05-10,5
1,92,109,20,2026-03-27,15
1,93,159,16,2026-05-15,5
1,94,127,48,2026-04-16,15
1,95,142,32,2026-05-11,18
1,96,10,27,2026-05-13,9
1,97,12,37,2026-05-01,7
1,98,44,38,2026-05-09,2
1,99,160,35,2026-05-02,5
1,100,108,45,2026-04-29,6
1,101,172,17,2026-05-07,10
1,102,103,27,2026-04-04,7
1,103,62,40,2026-05-15,13
1,104,41,21,2026-04-03,20
1,105,35,21,2026-04-09,16
1,106,105,18,2026-04-27,11
1,107,51,50,2026-04-24,13
1,108,79,19,2026-05-01,14
1,109,86,21,2026-03-31,7
1,110,86,31,2026-04-14,18
1,111,126,34,2026-03-28,7
1,112,143,28,2026-03-25,10
1,113,29,50,2026-04-29,8
1,114,179,10,2026-04-15,18
1,115,10,19,2026-04-05,7
1,116,115,19,2026-04-09,16
1,117,179,46,2026-03-25,11
1,118,58,26,2026-04-16,5
1,119,9,31,2026-04-15,1
1,120,146,33,2026-04-26,10
1,121,178,42,2026-04-20,6
1,122,112,48,2026-04-12,2
1,123,56,11,2026-04-19,17
1,124,156,32,2026-05-16,18
1,125,23,37,2026-04-29,12
1,126,130,49,2026-04-22,13
1,127,53,37,2026-04-19,2
1,128,139,30,2026-04-19,17
1,129,195,37,2026-04-02,18
1,130,7,18,2026-04-30,15
1,131,147,24,2026-03-26,6
1,132,13,11,2026-03-27,16
1,133,54,23,2026-04-02,16
1,134,8,28,2026-03-22,20
1,135,30,26,2026-03-30,8
1,136,158,40,2026-03-31,20
1,137,66,43,2026-04-04,7
1,138,80,34,2026-04-01,11
1,139,6,42,2026-04-26,20
1,140,119,29,2026-04-18,5
1,141,60,42,2026-04-20,2
1,142,83,10,2026-05-16,20
1,143,116,46,2026-04-23,12
1,144,43,49,2026-03-30,16
1,145,33,15,2026-04-24,20
1,146,186,10,2026-04-09,13
1,147,58,30,2026-03-21,20
1,148,73,10,2026-05-02,17
1,149,173,26,2026-04-29,2
1,150,14,15,2026-04-10,20
1,151,192,47,2026-05-06,8
1,152,88,21,2026-05-16,8
1,153,83,41,2026-03-20,13
1,154,137,14,2026-04-29,9
1,155,67,42,2026-05-05,13
1,156,183,43,2026-05-02,13
1,157,84,28,2026-04-28,2
1,158,6,22,2026-05-14,18
1,159,171,25,2026-03-31,13
1,160,42,26,2026-04-03,2
1,161,170,38,2026-04-07,11
1,162,122,22,2026-05-17,14
1,163,128,43,2026-03-22,18
1,164,124,23,2026-04-28,15
1,165,143,46,2026-05-01,8
1,166,19,22,2026-04-03,17
1,167,152,43,2026-04-05,18
1,168,0,12,2026-03-29,4
1,169,115,18,2026-04-12,3
1,170,56,30,2026-03-26,17
1,171,109,16,2026-04-29,6
1,172,8,17,2026-03-21,5
1,173,114,37,2026-03-21,17
1,174,185,29,2026-05-03,7
1,175,61,42,2026-05-18,8
1,176,107,35,2026-05-09,1
1,177,101,49,2026-04-21,7
1,178,111,18,2026-04-02,5
1,179,21,32,2026-04-30,14
1,180,2,31,2026-04-20,4
1,181,67,41,2026-05-13,17
1,182,27,45,2026-05-15,19
1,183,46,40,2026-05-07,14
1,184,30,18,2026-04-13,11
1,185,10,28,2026-04-08,7
1,186,52,22,2026-04-25,20
1,187,128,23,2026-04-10,19
1,188,41,12,2026-04-26,11
1,189,62,24,2026-04-16,11
1,190,86,37,2026-04-25,9
1,191,26,21,2026-04-04,15
1,192,168,24,2026-05-07,17
1,193,192,25,2026-04-14,4
1,194,74,14,2026-04-16,2
1,195,79,47,2026-04-06,4
1,196,39,30,2026-03-30,1
1,197,117,45,2026-05-09,16
1,198,65,38,2026-04-21,1
1,199,14,29,2026-04-26,16
1,200,169,14,2026-03-20,5
2,1,158,33,2026-04-08,17
2,2,96,13,2026-05-01,13
2,3,31,45,2026-05-02,10
2,4,145,37,2026-04-07,13
2,5,129,12,2026-05-09,9
2,6,54,47,2026-03-31,13
2,7,70,14,2026-04-04,10
2,8,180,45,2026-04-12,17
2,9,3,10,2026-05-04,10
2,10,30,22,2026-05-15,6
2,11,13,39,2026-05-06,12
2,12,26,18,2026-04-08,10
2,13,89,36,2026-05-18,11
2,14,12,26,2026-04-16,2
2,15,127,37,2026-04-23,9
2,16,0,14,2026-04-12,4
2,17,133,44,2026-04-05,19
2,18,73,50,2026-04-25,17
2,19,167,44,2026-05-14,17
2,20,108,50,2026-05-07,2
2,21,48,14,2026-05-10,17
2,22,186,33,2026-04-07,15
2,23,178,26,2026-03-21,16
2,24,100,29,2026-03-20,11
2,25,80,25,2026-05-16,4
2,26,153,49,2026-05-16,17
2,27,25,11,2026-05-08,16
2,28,41,16,2026-05-14,13
2,29,76,37,2026-04-20,5
2,30,104,28,2026-05-03,8
2,31,3,14,2026-04-09,17
2,32,136,13,2026-04-07,3
2,33,64,50,2026-04-24,16
2,34,78,27,2026-04-15,5
2,35,79,50,2026-05-13,7
2,36,79,28,2026-03-26,3
2,37,106,28,2026-05-01,16
2,38,115,47,2026-03-26,7
2,39,70,44,2026-05-15,4
2,40,179,46,2026-04-02,12
2,41,186,25,2026-05-06,8
2,42,120,48,2026-04-05,12
2,43,71,24,2026-04-09,3
2,44,28,45,2026-05-02,9
2,45,7,28,2026-04-21,8
2,46,18,30,2026-04-16,7
2,47,9,22,2026-04-08,19
2,48,38,30,2026-04-14,10
2,49,127,50,2026-05-03,6
2,50,32,38,2026-04-10,19
2,51,3,16,2026-05-13,11
2,52,12,37,2026-05-09,17
2,53,2,10,2026-05-11,8
2,54,166,44,2026-05-01,10
2,55,89,12,2026-04-13,6
2,56,190,37,2026-04-03,12
2,57,144,13,2026-05-09,7
2,58,177,23,2026-05-14,7
2,59,157,49,2026-04-15,20
2,60,71,21,2026-04-26,14
2,61,98,47,2026-04-21,17
2,62,155,38,2026-03-30,11
2,63,43,12,2026-04-10,19
2,64,74,19,2026-05-15,18
2,65,10,15,2026-03-28,12
2,66,33,10,2026-05-07,10
2,67,87,44,2026-05-17,11
2,68,184,24,2026-04-13,5
2,69,90,31,2026-05-04,4
2,70,173,49,2026-05-06,14
2,71,27,38,2026-04-20,11
2,72,16,19,2026-04-01,13
2,73,145,44,2026-03-29,1
2,74,156,33,2026-05-11,8
2,75,86,25,2026-03-22,15
2,76,137,16,2026-05-08,18
2,77,16,36,2026-04-15,3
2,78,12,40,2026-05-17,4
2,79,102,44,2026-04-09,7
2,80,67,11,2026-05-01,6
2,81,109,27,2026-04-03,19
2,82,193,19,2026-04-24,16
2,83,90,14,2026-03-27,12
2,84,111,20,2026-04-16,5
2,85,180,38,2026-04-19,19
2,86,181,31,2026-03-23,18
2,87,0,31,2026-04-08,8
2,88,90,25,2026-04-28,8
2,89,170,36,2026-03-30,12
2,90,60,44,2026-04-22,18
2,91,134,10,2026-03-25,11
2,92,136,17,2026-04-24,13
2,93,175,46,2026-04-18,13
2,94,43,38,2026-04-28,10
2,95,7,24,2026-05-12,4
2,96,139,13,2026-03-27,1
2,97,159,36,2026-04-12,20
2,98,94,40,2026-04-16,11
2,99,24,16,2026-04-13,13
2,100,91,13,2026-05-08,3
2,101,2,47,2026-04-07,13
2,102,41,39,2026-04-02,13
2,103,176,28,2026-04-05,9
2,104,151,41,2026-05-10,18
2,105,18,48,2026-04-09,4
2,106,90,48,2026-04-30,7
2,107,84,18,2026-04-06,7
2,108,147,28,2026-03-27,4
2,109,5,17,2026-04-16,7
2,110,40,29,2026-04-02,20
2,111,52,22,2026-04-13,7
2,112,73,23,2026-05-02,19
2,113,42,34,2026-04-15,16
2,114,49,17,2026-03-22,4
2,115,93,27,2026-04-23,2
2,116,169,25,2026-05-11,20
2,117,175,46,2026-03-31,9
2,118,33,33,2026-03-24,12
2,119,42,45,2026-04-08,3
2,120,134,14,2026-05-05,6
2,121,196,14,2026-03-21,10
2,122,9,20,2026-04-02,8
2,123,38,22,2026-04-26,2
2,124,185,48,2026-05-18,11
2,125,1,20,2026-05-16,14
2,126,139,37,2026-04-29,8
2,127,42,27,2026-04-07,18
2,128,121,17,2026-04-13,8
2,129,173,28,2026-04-29,3
2,130,174,37,2026-05-08,17
2,131,137,38,2026-05-17,10
2,132,130,50,2026-04-03,7
2,133,151,15,2026-04-22,7
2,134,170,36,2026-04-08,8
2,135,142,36,2026-04-28,12
2,136,144,32,2026-04-16,18
2,137,15,48,2026-04-23,4
2,138,196,41,2026-03-20,9
2,139,95,25,2026-04-05,10
2,140,5,12,2026-04-11,5
2,141,68,15,2026-03-30,4
2,142,100,49,2026-05-12,19
2,143,132,28,2026-04-15,4
2,144,134,43,2026-04-10,5
2,145,69,45,2026-05-03,16
2,146,130,41,2026-03-25,13
2,147,153,36,2026-04-25,7
2,148,69,38,2026-04-26,3
2,149,58,42,2026-03-25,9
2,150,101,29,2026-05-16,18
2,151,150,20,2026-04-21,8
2,152,164,33,2026-05-08,1
2,153,173,25,2026-05-04,5
2,154,21,38,2026-04-12,7
2,155,101,46,2026-04-04,7
2,156,144,23,2026-03-26,20
2,157,151,48,2026-05-10,19
2,158,135,46,2026-05-07,20
2,159,187,26,2026-03-27,20
2,160,147,10,2026-04-05,3
2,161,151,27,2026-04-04,9
2,162,108,17,2026-03-24,15
2,163,134,35,2026-04-19,16
2,164,144,11,2026-05-17,8
2,165,155,10,2026-04-19,10
2,166,4,21,2026-04-30,1
2,167,6,15,2026-04-24,18
2,168,191,23,2026-04-11,11
2,169,108,26,2026-03-25,4
2,170,56,31,2026-05-01,9
2,171,116,28,2026-04-25,17
2,172,13,20,2026-03-31,20
2,173,185,33,2026-04-17,13
2,174,115,12,2026-04-01,14
2,175,3,26,2026-04-21,15
2,176,189,36,2026-05-08,2
2,177,114,41,2026-05-02,16
2,178,8,23,2026-04-17,17
2,179,60,14,2026-05-08,2
2,180,130,30,2026-04-03,20
2,181,135,10,2026-04-26,3
2,182,14,11,2026-05-17,10
2,183,142,40,2026-04-24,3
2,184,37,11,2026-04-03,18
2,185,115,37,2026-05-06,9
2,186,25,43,2026-05-17,9
2,187,56,42,2026-05-13,17
2,188,147,43,2026-03-24,13
2,189,79,22,2026-04-03,11
2,190,125,26,2026-05-04,5
2,191,134,42,2026-04-17,16
2,192,100,38,2026-05-06,3
2,193,81,29,2026-04-30,4
2,194,97,24,2026-04-26,7
2,195,11,42,2026-04-21,1
2,196,68,17,2026-03-22,12
2,197,86,44,2026-05-02,3
2,198,104,48,2026-03-22,14
2,199,24,18,2026-04-11,19
2,200,42,11,2026-04-17,2
3,1,156,26,2026-05-05,13
3,2,39,48,2026-04-18,12
3,3,158,48,2026-04-20,9
3,4,102,18,2026-05-01,1
3,5,42,23,2026-04-20,6
3,6,179,30,2026-05-13,19
3,7,72,48,2026-04-05,4
3,8,189,35,2026-04-26,1
3,9,99,38,2026-03-21,7
3,10,37,20,2026-04-13,8
3,11,169,44,2026-04-10,16
3,12,81,31,2026-03-29,10
3,13,10,13,2026-05-08,3
3,14,56,49,2026-03-23,2
3,15,191,21,2026-05-16,2
3,16,62,23,2026-03-28,15
3,17,29,35,2026-05-10,6
3,18,199,32,2026-04-28,5
3,19,102,43,2026-04-29,20
3,20,118,19,2026-04-18,3
3,21,101,31,2026-04-23,14
3,22,0,22,2026-03-31,11
3,23,132,39,2026-05-11,2
3,24,74,25,2026-04-07,7
3,25,122,22,2026-05-10,9
3,26,38,17,2026-05-08,17
3,27,167,13,2026-05-14,2
3,28,31,46,2026-03-30,14
3,29,123,20,2026-05-17,10
3,30,18,29,2026-03-26,6
3,31,192,21,2026-04-01,13
3,32,2,18,2026-04-02,16
3,33,75,19,2026-04-19,20
3,34,82,38,2026-05-10,7
3,35,58,41,2026-05-14,18
3,36,97,36,2026-04-05,14
3,37,146,15,2026-05-18,1
3,38,82,23,2026-03-26,20
3,39,99,44,2026-04-30,20
3,40,85,48,2026-04-24,20
3,41,1,32,2026-04-08,8
3,42,172,40,2026-04-30,7
3,43,54,38,2026-04-17,11
3,44,56,21,2026-04-29,17
3,45,28,46,2026-04-09,8
3,46,71,24,2026-03-29,6
3,47,59,28,2026-05-17,15
3,48,14,20,2026-04-13,13
3,49,161,29,2026-04-30,20
3,50,155,39,2026-04-13,17
3,51,42,28,2026-05-08,7
3,52,164,46,2026-05-11,3
3,53,92,37,2026-04-02,15
3,54,85,40,2026-03-31,8
3,55,53,40,2026-03-29,11
3,56,0,17,2026-05-06,7
3,57,101,33,2026-05-08,3
3,58,189,28,2026-05-14,12
3,59,118,11,2026-04-27,3
3,60,185,20,2026-04-24,5
3,61,165,48,2026-04-04,13
3,62,18,28,2026-04-26,11
3,63,19,20,2026-05-09,2
3,64,25,38,2026-05-16,8
3,65,174,11,2026-04-22,4
3,66,197,34,2026-05-09,19
3,67,169,38,2026-03-25,4
3,68,13,20,2026-05-03,14
3,69,162,50,2026-03-28,1
3,70,196,19,2026-03-25,13
3,71,162,13,2026-03-25,6
3,72,139,10,2026-04-19,11
3,73,96,38,2026-05-01,9
3,74,136,35,2026-04-01,1
3,75,84,43,2026-05-12,14
3,76,71,25,2026-05-11,9
3,77,111,29,2026-04-26,1
3,78,150,36,2026-04-24,3
3,79,37,31,2026-04-11,18
3,80,57,43,2026-04-12,13
3,81,182,46,2026-04-05,6
3,82,40,32,2026-04-05,17
3,83,7,20,2026-04-30,6
3,84,106,31,2026-04-29,13
3,85,19,24,2026-05-15,13
3,86,63,33,2026-03-27,17
3,87,53,44,2026-05-06,1
3,88,17,19,2026-05-06,11
3,89,179,48,2026-05-04,13
3,90,112,19,2026-04-23,4
3,91,134,18,2026-04-11,4
3,92,170,46,2026-05-07,19
3,93,65,47,2026-03-31,13
3,94,58,29,2026-04-17,6
3,95,177,32,2026-05-16,11
3,96,18,37,2026-03-20,14
3,97,188,42,2026-04-03,14
3,98,120,27,2026-04-05,20
3,99,9,27,2026-04-15,14
3,100,200,43,2026-04-03,6
3,101,56,50,2026-03-31,16
3,102,80,26,2026-05-03,17
3,103,123,43,2026-04-09,5
3,104,67,18,2026-03-23,16
3,105,192,46,2026-04-27,17
3,106,111,32,2026-03-21,10
3,107,109,43,2026-04-12,5
3,108,181,49,2026-04-10,7
3,109,160,43,2026-05-10,11
3,110,162,31,2026-04-19,14
3,111,0,13,2026-05-05,6
3,112,148,48,2026-05-13,14
3,113,176,33,2026-05-11,3
3,114,122,35,2026-05-09,4
3,115,114,26,2026-05-07,2
3,116,169,50,2026-04-16,5
3,117,178,35,2026-03-20,7
3,118,9,24,2026-04-20,6
3,119,84,30,2026-04-13,5
3,120,1,30,2026-04-27,9
3,121,146,45,2026-04-09,10
3,122,11,26,2026-04-20,4
3,123,178,28,2026-03-24,19
3,124,140,17,2026-04-01,13
3,125,4,31,2026-05-01,2
3,126,115,36,2026-04-16,13
3,127,46,30,2026-04-30,1
3,128,99,30,2026-04-04,13
3,129,22,48,2026-03-25,10
3,130,116,39,2026-04-09,13
3,131,147,38,2026-04-27,18
3,132,174,29,2026-03-28,2
3,133,47,50,2026-03-30,13
3,134,163,47,2026-04-15,4
3,135,117,25,2026-04-27,5
3,136,43,11,2026-05-18,6
3,137,13,24,2026-03-27,15
3,138,200,36,2026-04-06,5
3,139,168,50,2026-05-10,4
3,140,106,43,2026-04-18,10
3,141,29,50,2026-05-15,5
3,142,51,43,2026-03-31,9
3,143,52,37,2026-04-16,18
3,144,68,33,2026-05-03,9
3,145,138,47,2026-04-29,16
3,146,115,31,2026-04-24,17
3,147,66,33,2026-04-30,20
3,148,144,14,2026-05-04,8
3,149,111,35,2026-04-20,19
3,150,130,49,2026-03-21,12
3,151,66,30,2026-05-16,6
3,152,186,18,2026-04-28,7
3,153,7,32,2026-03-30,2
3,154,109,43,2026-04-08,11
3,155,167,50,2026-04-11,5
3,156,137,45,2026-04-26,12
3,157,52,11,2026-04-11,7
3,158,161,50,2026-05-08,7
3,159,167,29,2026-05-13,10
3,160,82,41,2026-04-27,8
3,161,106,22,2026-03-27,6
3,162,111,18,2026-03-23,3
3,163,115,26,2026-05-10,1
3,164,136,14,2026-05-10,15
3,165,90,26,2026-03-29,4
3,166,9,34,2026-04-23,11
3,167,157,48,2026-05-10,16
3,168,87,40,2026-05-01,7
3,169,6,41,2026-04-15,1
3,170,66,23,2026-04-04,10
3,171,125,24,2026-03-26,8
3,172,184,30,2026-05-04,18
3,173,13,11,2026-05-15,2
3,174,18,25,2026-05-16,10
3,175,20,23,2026-03-28,14
3,176,196,20,2026-05-18,16
3,177,157,28,2026-04-18,2
3,178,194,30,2026-05-03,10
3,179,160,20,2026-04-08,18
3,180,187,22,2026-04-14,20
3,181,142,28,2026-04-20,15
3,182,15,34,2026-03-22,8
3,183,120,41,2026-04-15,1
3,184,138,46,2026-04-27,6
3,185,144,39,2026-03-24,3
3,186,196,36,2026-04-25,13
3,187,185,47,2026-03-21,13
3,188,190,40,2026-04-01,12
3,189,53,38,2026-04-30,3
3,190,156,24,2026-05-10,17
3,191,5,10,2026-04-02,8
3,192,168,21,2026-05-18,15
3,193,103,19,2026-04-19,8
3,194,74,33,2026-03-27,6
3,195,11,47,2026-03-24,19
3,196,7,16,2026-03-21,3
3,197,81,50,2026-03-24,20
3,198,198,40,2026-04-09,3
3,199,30,25,2026-03-25,3
3,200,185,36,2026-05-05,6
4,1,53,18,2026-04-24,4
4,2,185,17,2026-03-29,6
4,3,105,28,2026-03-27,18
4,4,21,16,2026-05-09,19
4,5,96,10,2026-04-01,17
4,6,187,42,2026-04-29,11
4,7,132,14,2026-04-25,7
4,8,180,37,2026-05-13,6
4,9,162,38,2026-05-18,8
4,10,146,31,2026-05-07,14
4,11,149,33,2026-04-10,7
4,12,128,37,2026-03-20,20
4,13,178,15,2026-04-04,12
4,14,8,16,2026-04-29,14
4,15,88,34,2026-05-13,19
4,16,22,33,2026-04-06,15
4,17,183,24,2026-03-30,5
4,18,142,38,2026-04-21,16
4,19,74,49,2026-05-12,20
4,20,5,38,2026-05-08,20
4,21,5,10,2026-05-03,16
4,22,84,24,2026-04-02,20
4,23,158,42,2026-05-08,11
4,24,73,28,2026-04-02,11
4,25,200,35,2026-04-07,10
4,26,186,34,2026-04-07,9
4,27,150,38,2026-04-24,17
4,28,143,39,2026-04-22,19
4,29,121,46,2026-04-06,8
4,30,89,43,2026-03-21,2
4,31,38,26,2026-04-23,15
4,32,36,41,2026-04-25,13
4,33,103,14,2026-03-25,7
4,34,77,14,2026-04-24,16
4,35,88,43,2026-03-26,11
4,36,44,38,2026-03-30,18
4,37,179,10,2026-04-11,2
4,38,14,23,2026-04-17,3
4,39,142,17,2026-03-31,10
4,40,11,40,2026-03-22,19
4,41,46,39,2026-03-27,2
4,42,116,25,2026-05-08,18
4,43,118,44,2026-03-23,12
4,44,149,19,2026-04-21,5
4,45,65,27,2026-05-12,12
4,46,46,15,2026-04-04,10
4,47,75,43,2026-04-21,7
4,48,153,10,2026-05-18,13
4,49,190,33,2026-05-01,3
4,50,177,45,2026-04-28,12
4,51,3,34,2026-04-24,18
4,52,8,14,2026-03-20,6
4,53,114,10,2026-05-02,8
4,54,110,34,2026-05-18,12
4,55,139,32,2026-04-09,18
4,56,23,32,2026-03-25,1
4,57,113,44,2026-05-13,7
4,58,153,29,2026-04-01,6
4,59,49,50,2026-04-23,5
4,60,101,42,2026-05-06,12
4,61,139,43,2026-04-17,6
4,62,151,14,2026-03-20,5
4,63,125,12,2026-03-29,8
4,64,174,34,2026-03-29,4
4,65,109,24,2026-04-16,6
4,66,45,40,2026-04-08,3
4,67,138,12,2026-04-05,1
4,68,106,19,2026-05-10,15
4,69,1,18,2026-04-09,13
4,70,166,35,2026-05-12,1
4,71,87,36,2026-05-11,19
4,72,138,21,2026-05-12,11
4,73,143,49,2026-04-04,15
4,74,110,38,2026-05-13,12
4,75,147,12,2026-04-24,3
4,76,105,25,2026-04-17,7
4,77,103,42,2026-05-11,19
4,78,140,27,2026-04-05,19
4,79,125,36,2026-04-07,14
4,80,79,36,2026-05-08,15
4,81,67,33,2026-05-02,9
4,82,53,25,2026-03-21,20
4,83,128,29,2026-04-19,11
4,84,9,43,2026-04-11,13
4,85,54,28,2026-04-27,11
4,86,60,33,2026-03-23,1
4,87,80,33,2026-04-03,1
4,88,170,22,2026-05-04,2
4,89,1,12,2026-04-08,9
4,90,70,38,2026-05-13,14
4,91,60,35,2026-04-13,17
4,92,74,15,2026-05-01,18
4,93,184,50,2026-04-12,11
4,94,39,30,2026-04-14,7
4,95,21,45,2026-04-02,7
4,96,173,25,2026-03-22,18
4,97,128,43,2026-03-20,13
4,98,106,26,2026-04-08,6
4,99,138,17,2026-03-26,7
4,100,11,13,2026-05-04,8
4,101,8,10,2026-05-02,14
4,102,77,31,2026-03-29,17
4,103,50,15,2026-04-15,3
4,104,61,13,2026-04-18,6
4,105,162,24,2026-05-09,1
4,106,106,24,2026-04-17,18
4,107,137,50,2026-04-14,8
4,108,197,32,2026-04-04,18
4,109,76,39,2026-05-09,19
4,110,24,10,2026-05-02,12
4,111,68,28,2026-05-05,10
4,112,52,16,2026-04-14,7
4,113,107,15,2026-05-02,7
4,114,125,27,2026-03-20,10
4,115,107,16,2026-05-09,11
4,116,13,14,2026-04-20,5
4,117,76,39,2026-04-29,19
4,118,2,12,2026-04-15,14
4,119,18,21,2026-05-14,11
4,120,84,38,2026-03-30,9
4,121,188,12,2026-03-24,11
4,122,96,24,2026-04-15,13
4,123,64,37,2026-04-06,14
4,124,1,41,2026-04-09,14
4,125,10,17,2026-04-04,10
4,126,161,44,2026-04-24,11
4,127,157,24,2026-03-26,17
4,128,57,19,2026-04-16,9
4,129,32,40,2026-04-03,9
4,130,115,44,2026-05-16,7
4,131,108,26,2026-05-18,4
4,132,66,37,2026-04-23,6
4,133,174,46,2026-05-14,6
4,134,4,20,2026-04-09,20
4,135,170,43,2026-04-29,5
4,136,193,25,2026-04-24,4
4,137,15,18,2026-05-13,19
4,138,15,48,2026-05-11,16
4,139,180,21,2026-04-12,11
4,140,2,49,2026-04-06,19
4,141,34,13,2026-04-06,7
4,142,27,25,2026-05-07,19
4,143,187,30,2026-03-29,12
4,144,62,47,2026-05-09,18
4,145,10,11,2026-04-16,20
4,146,117,14,2026-05-17,4
4,147,197,11,2026-04-13,16
4,148,145,17,2026-04-16,13
4,149,8,13,2026-05-09,3
4,150,50,46,2026-04-05,2
4,151,32,47,2026-05-10,20
4,152,5,20,2026-04-02,7
4,153,94,39,2026-05-14,20
4,154,25,27,2026-05-09,4
4,155,146,12,2026-04-14,12
4,156,150,34,2026-03-27,16
4,157,5,13,2026-04-09,5
4,158,31,32,2026-04-20,3
4,159,148,32,2026-05-15,8
4,160,181,19,2026-05-16,7
4,161,136,50,2026-04-25,5
4,162,81,49,2026-03-25,14
4,163,177,24,2026-05-02,2
4,164,194,50,2026-03-20,20
4,165,154,36,2026-05-18,18
4,166,55,10,2026-04-02,9
4,167,7,19,2026-03-25,11
4,168,47,18,2026-03-21,5
4,169,83,49,2026-04-25,20
4,170,114,37,2026-03-25,18
4,171,141,30,2026-03-23,2
4,172,144,30,2026-04-28,6
4,173,115,33,2026-04-29,2
4,174,90,10,2026-04-14,14
4,175,73,20,2026-05-14,5
4,176,170,44,2026-03-31,17
4,177,138,33,2026-05-14,8
4,178,141,15,2026-04-05,19
4,179,186,41,2026-04-15,17
4,180,76,48,2026-03-24,6
4,181,41,30,2026-04-06,6
4,182,54,18,2026-04-25,11
4,183,178,47,2026-04-26,16
4,184,12,33,2026-04-06,17
4,185,128,35,2026-04-23,10
4,186,165,29,2026-04-26,3
4,187,46,31,2026-05-15,13
4,188,28,12,2026-05-10,5
4,189,37,23,2026-04-04,20
4,190,146,16,2026-03-28,10
4,191,59,47,2026-05-15,10
4,192,76,40,2026-04-26,9
4,193,107,14,2026-05-12,20
4,194,26,12,2026-05-09,6
4,195,93,21,2026-04-08,2
4,196,175,50,2026-04-10,1
4,197,197,10,2026-04-08,11
4,198,60,28,2026-04-07,18
4,199,198,13,2026-05-01,16
4,200,52,35,2026-04-02,17
5,1,43,48,2026-05-05,17
5,2,153,13,2026-04-17,20
5,3,120,15,2026-03-31,7
5,4,123,14,2026-05-03,6
5,5,93,32,2026-05-03,18
5,6,21,38,2026-03-31,8
5,7,69,33,2026-04-22,19
5,8,19,42,2026-04-19,6
5,9,55,39,2026-04-07,3
5,10,10,12,2026-03-24,6
5,11,64,24,2026-05-01,4
5,12,48,15,2026-05-11,1
5,13,127,10,2026-03-31,7
5,14,185,20,2026-03-23,7
5,15,131,50,2026-03-21,20
5,16,9,10,2026-05-13,4
5,17,6,45,2026-03-22,19
5,18,140,47,2026-05-09,2
5,19,116,50,2026-05-02,20
5,20,102,35,2026-05-09,2
5,21,16,27,2026-04-26,3
5,22,192,43,2026-05-14,8
5,23,74,10,2026-04-22,5
5,24,75,46,2026-04-17,12
5,25,70,20,2026-05-12,10
5,26,93,46,2026-04-03,7
5,27,173,36,2026-04-05,17
5,28,37,25,2026-05-14,2
5,29,32,46,2026-04-26,20
5,30,60,34,2026-05-12,9
5,31,117,38,2026-03-27,2
5,32,72,38,2026-04-11,11
5,33,91,16,2026-05-02,6
5,34,48,33,2026-03-30,8
5,35,169,18,2026-04-18,12
5,36,67,44,2026-03-21,1
5,37,55,30,2026-04-13,6
5,38,96,33,2026-03-25,3
5,39,182,15,2026-05-17,16
5,40,142,21,2026-03-22,19
5,41,2,22,2026-03-21,4
5,42,179,14,2026-05-03,18
5,43,21,48,2026-04-24,2
5,44,150,20,2026-03-21,14
5,45,84,35,2026-03-27,20
5,46,93,28,2026-03-23,15
5,47,115,19,2026-03-21,20
5,48,20,21,2026-04-14,7
5,49,190,32,2026-05-05,18
5,50,20,15,2026-03-27,12
5,51,78,11,2026-03-26,18
5,52,179,12,2026-03-30,4
5,53,192,20,2026-05-11,13
5,54,185,50,2026-05-18,12
5,55,98,21,2026-04-15,17
5,56,51,25,2026-04-03,16
5,57,48,40,2026-05-12,1
5,58,118,47,2026-05-06,15
5,59,88,31,2026-05-08,20
5,60,160,31,2026-04-18,19
5,61,7,15,2026-03-28,15
5,62,100,45,2026-04-02,11
5,63,51,21,2026-03-22,10
5,64,3,36,2026-04-04,6
5,65,109,10,2026-04-04,20
5,66,10,15,2026-04-14,6
5,67,80,11,2026-04-10,20
5,68,159,22,2026-03-27,10
5,69,79,36,2026-03-31,7
5,70,120,30,2026-03-28,14
5,71,79,28,2026-04-01,7
5,72,10,49,2026-03-25,14
5,73,107,37,2026-03-29,1
5,74,196,49,2026-04-18,13
5,75,60,42,2026-04-29,4
5,76,8,28,2026-04-22,16
5,77,198,26,2026-04-26,8
5,78,67,27,2026-04-08,6
5,79,99,19,2026-03-20,2
5,80,109,16,2026-04-27,14
5,81,20,11,2026-05-13,13
5,82,68,17,2026-05-06,20
5,83,200,29,2026-03-31,8
5,84,82,31,2026-04-06,18
5,85,103,32,2026-05-13,7
5,86,106,12,2026-04-18,20
5,87,76,18,2026-04-09,11
5,88,36,16,2026-05-04,7
5,89,37,50,2026-04-20,2
5,90,119,25,2026-04-15,19
5,91,164,37,2026-04-26,5
5,92,62,33,2026-05-01,10
5,93,103,41,2026-04-11,3
5,94,90,26,2026-04-29,11
5,95,38,28,2026-03-21,14
5,96,106,47,2026-03-21,10
5,97,97,50,2026-05-01,19
5,98,103,20,2026-04-09,5
5,99,5,14,2026-04-01,13
5,100,176,36,2026-04-15,6
5,101,112,48,2026-03-28,7
5,102,182,46,2026-04-18,6
5,103,55,31,2026-04-08,6
5,104,196,25,2026-05-12,2
5,105,185,34,2026-04-02,9
5,106,181,32,2026-05-08,4
5,107,87,16,2026-05-12,12
5,108,1,33,2026-04-10,10
5,109,200,15,2026-05-04,1
5,110,160,11,2026-05-13,14
5,111,175,46,2026-04-05,18
5,112,153,46,2026-05-17,1
5,113,0,40,2026-03-24,19
5,114,118,50,2026-05-16,16
5,115,123,37,2026-03-20,9
5,116,120,22,2026-03-29,9
5,117,170,40,2026-05-11,15
5,118,144,41,2026-04-12,16
5,119,50,47,2026-03-25,14
5,120,127,22,2026-04-20,4
5,121,16,18,2026-04-27,10
5,122,90,27,2026-05-09,9
5,123,188,43,2026-03-28,2
5,124,143,23,2026-05-08,10
5,125,117,46,2026-05-10,10
5,126,117,37,2026-03-28,17
5,127,50,15,2026-04-05,4
5,128,75,15,2026-05-05,20
5,129,76,27,2026-04-27,2
5,130,5,21,2026-05-16,10
5,131,85,15,2026-04-27,18
5,132,163,38,2026-04-10,8
5,133,13,12,2026-04-17,5
5,134,39,22,2026-05-14,5
5,135,150,13,2026-05-01,3
5,136,155,27,2026-05-10,6
5,137,189,10,2026-03-22,12
5,138,43,23,2026-03-31,8
5,139,193,50,2026-04-08,5
5,140,125,41,2026-04-08,1
5,141,127,16,2026-04-29,6
5,142,197,42,2026-04-07,8
5,143,105,37,2026-05-17,10
5,144,115,26,2026-05-11,11
5,145,128,39,2026-05-11,14
5,146,52,16,2026-05-15,4
5,147,62,10,2026-04-13,6
5,148,33,19,2026-05-10,2
5,149,38,20,2026-03-23,12
5,150,74,25,2026-04-12,7
5,151,157,34,2026-05-06,6
5,152,0,47,2026-04-11,15
5,153,82,30,2026-03-21,16
5,154,57,12,2026-04-09,16
5,155,170,32,2026-03-30,14
5,156,9,16,2026-04-13,7
5,157,114,31,2026-04-11,2
5,158,133,39,2026-04-29,8
5,159,14,32,2026-05-08,8
5,160,28,34,2026-04-28,6
5,161,12,33,2026-04-25,7
5,162,133,33,2026-05-17,3
5,163,159,50,2026-04-30,18
5,164,75,28,2026-04-19,7
5,165,3,19,2026-04-19,12
5,166,184,24,2026-04-09,18
5,167,58,40,2026-03-22,4
5,168,156,16,2026-04-20,16
5,169,185,35,2026-03-30,6
5,170,74,37,2026-04-07,9
5,171,26,48,2026-04-28,4
5,172,161,23,2026-04-23,16
5,173,9,14,2026-03-23,16
5,174,90,16,2026-04-12,14
5,175,105,30,2026-03-28,16
5,176,8,11,2026-04-10,2
5,177,14,19,2026-05-03,12
5,178,86,20,2026-04-30,10
5,179,27,24,2026-04-23,8
5,180,42,40,2026-04-09,10
5,181,167,24,2026-04-03,10
5,182,95,44,2026-05-12,6
5,183,135,16,2026-04-07,8
5,184,98,22,2026-04-22,9
5,185,104,26,2026-03-30,12
5,186,4,15,2026-04-11,20
5,187,85,50,2026-04-27,9
5,188,146,20,2026-04-01,9
5,189,193,50,2026-05-06,4
5,190,147,42,2026-05-14,4
5,191,114,11,2026-04-20,1
5,192,38,33,2026-04-19,16
5,193,37,18,2026-04-20,9
5,194,181,30,2026-04-20,7
5,195,27,28,2026-05-13,11
5,196,188,12,2026-05-15,9
5,197,64,14,2026-04-13,8
5,198,114,42,2026-03-21,16
5,199,57,32,2026-04-20,17
5,200,4,11,2026-05-06,5
6,1,191,25,2026-04-01,19
6,2,177,48,2026-05-07,19
6,3,27,17,2026-04-11,10
6,4,150,28,2026-04-04,15
6,5,60,22,2026-04-30,15
6,6,51,24,2026-03-22,3
6,7,30,11,2026-05-04,19
6,8,64,26,2026-04-10,5
6,9,11,22,2026-05-03,1
6,10,90,18,2026-05-16,13
6,11,55,12,2026-03-22,14
6,12,179,50,2026-04-23,6
6,13,62,44,2026-05-13,17
6,14,114,43,2026-04-02,2
6,15,113,44,2026-05-15,19
6,16,123,48,2026-04-16,1
6,17,193,36,2026-04-07,14
6,18,83,23,2026-04-12,6
6,19,181,39,2026-05-16,2
6,20,126,13,2026-03-29,10
6,21,12,37,2026-05-05,3
6,22,152,24,2026-05-12,20
6,23,77,11,2026-04-17,1
6,24,75,25,2026-04-04,13
6,25,95,49,2026-04-17,17
6,26,89,35,2026-05-08,15
6,27,81,25,2026-05-03,7
6,28,123,45,2026-03-26,17
6,29,87,47,2026-04-04,8
6,30,109,17,2026-03-22,14
6,31,180,30,2026-04-06,11
6,32,41,23,2026-03-22,2
6,33,188,20,2026-04-22,9
6,34,66,17,2026-04-17,2
6,35,109,20,2026-03-30,3
6,36,151,26,2026-05-08,11
6,37,18,43,2026-04-16,17
6,38,38,29,2026-05-02,6
6,39,11,16,2026-03-22,20
6,40,198,13,2026-04-03,18
6,41,136,48,2026-03-30,16
6,42,107,24,2026-04-24,19
6,43,83,20,2026-03-29,16
6,44,26,13,2026-03-26,19
6,45,143,17,2026-05-14,8
6,46,61,49,2026-03-20,14
6,47,68,25,2026-05-06,20
6,48,185,48,2026-05-07,20
6,49,181,26,2026-05-14,14
6,50,105,13,2026-05-13,17
6,51,1,11,2026-05-18,18
6,52,6,46,2026-05-08,6
6,53,4,19,2026-04-18,16
6,54,62,13,2026-04-02,6
6,55,44,35,2026-04-11,18
6,56,102,16,2026-04-09,17
6,57,57,15,2026-05-16,16
6,58,72,43,2026-04-26,3
6,59,134,49,2026-05-13,9
6,60,167,43,2026-05-05,10
6,61,176,16,2026-05-18,3
6,62,183,33,2026-04-10,15
6,63,182,50,2026-05-02,18
6,64,191,10,2026-04-15,17
6,65,116,46,2026-04-27,15
6,66,35,31,2026-05-07,10
6,67,139,50,2026-04-26,11
6,68,150,44,2026-03-22,11
6,69,177,38,2026-05-11,6
6,70,131,26,2026-04-02,11
6,71,11,12,2026-05-13,9
6,72,42,33,2026-05-15,10
6,73,24,25,2026-04-27,6
6,74,47,47,2026-03-30,1
6,75,175,41,2026-05-18,11
6,76,147,42,2026-04-01,15
6,77,110,11,2026-05-10,15
6,78,54,43,2026-04-07,7
6,79,25,37,2026-05-04,8
6,80,117,38,2026-05-04,15
6,81,9,11,2026-04-12,13
6,82,158,36,2026-04-27,7
6,83,37,15,2026-05-18,16
6,84,93,45,2026-05-07,12
6,85,31,42,2026-04-27,1
6,86,14,39,2026-04-08,4
6,87,170,37,2026-04-08,3
6,88,105,47,2026-05-16,13
6,89,61,12,2026-05-15,10
6,90,29,39,2026-03-29,6
6,91,118,32,2026-04-10,14
6,92,33,32,2026-04-20,14
6,93,164,18,2026-03-27,11
6,94,54,18,2026-03-22,19
6,95,22,45,2026-05-14,1
6,96,199,19,2026-04-10,3
6,97,166,33,2026-05-09,12
6,98,116,45,2026-05-13,9
6,99,76,48,2026-03-24,3
6,100,147,33,2026-04-30,1
6,101,45,20,2026-04-15,4
6,102,93,10,2026-05-03,4
6,103,11,37,2026-05-18,18
6,104,51,48,2026-05-05,2
6,105,159,36,2026-04-19,9
6,106,31,31,2026-04-18,11
6,107,18,34,2026-04-06,17
6,108,42,45,2026-05-15,19
6,109,8,18,2026-04-15,9
6,110,123,41,2026-04-18,19
6,111,19,29,2026-04-19,11
6,112,14,34,2026-04-26,11
6,113,137,21,2026-05-15,11
6,114,181,50,2026-04-10,7
6,115,184,17,2026-03-26,5
6,116,17,26,2026-04-02,18
6,117,67,42,2026-03-29,11
6,118,125,36,2026-03-20,7
6,119,39,41,2026-04-17,10
6,120,68,11,2026-05-12,5
6,121,75,40,2026-05-15,12
6,122,55,45,2026-05-03,6
6,123,15,18,2026-03-28,4
6,124,27,33,2026-05-10,7
6,125,154,40,2026-04-30,19
6,126,17,37,2026-03-24,18
6,127,40,33,2026-04-04,4
6,128,81,24,2026-04-25,15
6,129,1,24,2026-05-01,7
6,130,9,25,2026-04-04,7
6,131,57,18,2026-04-18,14
6,132,129,35,2026-04-25,2
6,133,119,29,2026-04-11,3
6,134,32,16,2026-04-05,8
6,135,131,42,2026-03-30,20
6,136,130,36,2026-05-15,9
6,137,104,44,2026-04-23,2
6,138,119,39,2026-04-21,13
6,139,44,11,2026-05-18,15
6,140,13,23,2026-04-30,12
6,141,159,35,2026-03-20,8
6,142,158,29,2026-05-17,8
6,143,88,50,2026-04-12,2
6,144,45,12,2026-04-28,2
6,145,68,47,2026-04-12,5
6,146,145,18,2026-04-26,1
6,147,120,32,2026-03-30,6
6,148,56,45,2026-05-07,14
6,149,198,25,2026-04-19,7
6,150,136,22,2026-03-31,8
6,151,161,25,2026-05-09,2
6,152,1,10,2026-05-12,18
6,153,75,22,2026-04-02,11
6,154,82,31,2026-03-27,19
6,155,181,28,2026-04-10,5
6,156,71,34,2026-04-07,20
6,157,153,35,2026-05-10,8
6,158,35,22,2026-04-04,1
6,159,142,11,2026-05-01,5
6,160,17,38,2026-05-15,4
6,161,102,39,2026-04-06,3
6,162,200,10,2026-04-08,3
6,163,106,49,2026-04-11,19
6,164,193,41,2026-04-29,20
6,165,29,40,2026-04-03,3
6,166,33,26,2026-03-30,16
6,167,69,26,2026-04-26,5
6,168,24,28,2026-04-27,20
6,169,45,16,2026-05-03,7
6,170,188,24,2026-05-02,8
6,171,152,25,2026-04-18,13
6,172,166,44,2026-04-01,7
6,173,137,13,2026-05-06,20
6,174,97,33,2026-04-12,17
6,175,95,49,2026-05-05,12
6,176,15,21,2026-03-24,15
6,177,168,40,2026-04-18,18
6,178,11,25,2026-03-22,9
6,179,159,18,2026-03-26,16
6,180,118,34,2026-05-07,3
6,181,55,44,2026-03-28,9
6,182,151,14,2026-04-02,11
6,183,60,21,2026-04-08,6
6,184,72,50,2026-04-22,19
6,185,45,38,2026-05-16,9
6,186,151,33,2026-03-27,15
6,187,170,19,2026-03-29,13
6,188,88,18,2026-05-11,6
6,189,30,30,2026-05-03,5
6,190,88,42,2026-04-09,1
6,191,114,14,2026-03-27,6
6,192,0,37,2026-05-07,11
6,193,137,12,2026-05-14,11
6,194,78,27,2026-03-25,5
6,195,197,19,2026-05-14,6
6,196,105,15,2026-04-26,6
6,197,21,29,2026-04-04,9
6,198,147,31,2026-04-21,7
6,199,77,22,2026-04-19,5
6,200,36,44,2026-04-17,10
7,1,165,31,2026-04-15,18
7,2,136,49,2026-04-22,14
7,3,62,21,2026-05-18,19
7,4,49,42,2026-04-06,1
7,5,34,43,2026-04-19,10
7,6,164,21,2026-04-10,4
7,7,32,29,2026-05-05,6
7,8,36,27,2026-05-17,18
7,9,140,27,2026-04-16,2
7,10,109,45,2026-04-16,20
7,11,99,23,2026-04-11,14
7,12,98,36,2026-03-25,5
7,13,147,43,2026-04-14,8
7,14,97,37,2026-04-24,13
7,15,8,12,2026-04-03,6
7,16,70,25,2026-04-06,15
7,17,78,24,2026-04-03,1
7,18,148,23,2026-05-15,11
7,19,63,17,2026-04-05,4
7,20,35,48,2026-04-27,6
7,21,42,13,2026-04-15,4
7,22,199,12,2026-05-10,4
7,23,123,50,2026-03-28,15
7,24,156,49,2026-04-22,19
7,25,108,32,2026-04-23,16
7,26,129,47,2026-04-22,12
7,27,197,50,2026-04-28,3
7,28,5,16,2026-05-06,5
7,29,18,12,2026-03-24,4
7,30,35,41,2026-05-16,17
7,31,29,24,2026-03-23,6
7,32,193,18,2026-04-07,13
7,33,167,33,2026-04-10,10
7,34,20,26,2026-03-23,2
7,35,117,44,2026-04-21,19
7,36,133,49,2026-04-20,8
7,37,1,31,2026-03-26,2
7,38,11,44,2026-04-30,15
7,39,32,18,2026-04-25,20
7,40,10,16,2026-04-09,10
7,41,149,25,2026-04-21,6
7,42,179,41,2026-05-16,9
7,43,42,41,2026-05-12,1
7,44,27,35,2026-05-15,3
7,45,31,25,2026-04-17,2
7,46,140,14,2026-04-30,2
7,47,9,32,2026-05-10,3
7,48,57,36,2026-03-27,13
7,49,122,38,2026-05-03,20
7,50,52,18,2026-04-10,10
7,51,115,24,2026-04-08,15
7,52,86,38,2026-05-12,10
7,53,2,37,2026-03-20,3
7,54,200,19,2026-03-20,2
7,55,177,27,2026-03-24,16
7,56,67,26,2026-03-27,9
7,57,131,50,2026-05-07,18
7,58,80,48,2026-03-31,2
7,59,8,44,2026-04-01,14
7,60,139,25,2026-04-12,6
7,61,168,22,2026-04-08,1
7,62,80,23,2026-04-30,11
7,63,50,49,2026-05-14,7
7,64,17,14,2026-04-28,8
7,65,135,47,2026-05-09,8
7,66,139,36,2026-04-21,14
7,67,32,45,2026-03-20,4
7,68,46,29,2026-04-15,2
7,69,190,20,2026-04-04,15
7,70,89,48,2026-04-12,19
7,71,130,50,2026-03-23,6
7,72,110,13,2026-04-09,2
7,73,31,43,2026-05-03,7
7,74,149,42,2026-05-05,12
7,75,184,48,2026-05-04,16
7,76,159,15,2026-03-27,2
7,77,16,35,2026-03-22,2
7,78,1,13,2026-03-22,10
7,79,19,22,2026-04-22,11
7,80,104,49,2026-04-11,7
7,81,102,37,2026-04-12,20
7,82,72,10,2026-04-13,15
7,83,71,39,2026-03-24,17
7,84,60,27,2026-04-27,14
7,85,197,10,2026-04-28,3
7,86,87,47,2026-05-02,15
7,87,167,10,2026-03-29,12
7,88,12,32,2026-05-02,14
7,89,39,26,2026-04-19,1
7,90,113,46,2026-04-23,12
7,91,20,49,2026-04-29,7
7,92,59,11,2026-05-17,19
7,93,65,44,2026-05-16,8
7,94,31,45,2026-04-27,4
7,95,132,17,2026-05-18,12
7,96,62,50,2026-05-02,19
7,97,176,24,2026-05-06,10
7,98,104,22,2026-05-16,8
7,99,0,47,2026-04-28,3
7,100,161,32,2026-03-23,10
7,101,109,50,2026-03-23,9
7,102,150,29,2026-03-26,20
7,103,196,47,2026-04-30,17
7,104,130,23,2026-05-09,3
7,105,130,44,2026-05-05,9
7,106,98,31,2026-03-22,9
7,107,56,46,2026-04-24,3
7,108,125,16,2026-04-02,4
7,109,151,47,2026-03-23,20
7,110,48,50,2026-04-22,1
7,111,70,25,2026-05-04,6
7,112,183,20,2026-04-22,7
7,113,83,41,2026-04-28,7
7,114,88,30,2026-04-18,17
7,115,43,17,2026-05-07,16
7,116,156,14,2026-03-21,7
7,117,30,40,2026-04-15,18
7,118,115,39,2026-05-12,4
7,119,103,50,2026-03-31,17
7,120,162,26,2026-05-03,5
7,121,86,24,2026-04-24,11
7,122,10,16,2026-04-15,20
7,123,92,26,2026-04-16,20
7,124,67,35,2026-05-10,13
7,125,96,11,2026-03-30,8
7,126,32,11,2026-05-06,1
7,127,192,39,2026-04-30,19
7,128,67,26,2026-05-12,7
7,129,188,37,2026-03-28,13
7,130,83,22,2026-03-25,18
7,131,183,50,2026-03-23,18
7,132,66,36,2026-03-23,13
7,133,90,34,2026-05-12,6
7,134,136,27,2026-04-04,10
7,135,139,27,2026-04-01,12
7,136,111,28,2026-05-05,4
7,137,147,37,2026-04-11,5
7,138,59,34,2026-05-02,3
7,139,81,18,2026-05-09,5
7,140,197,42,2026-04-27,7
7,141,136,31,2026-04-29,3
7,142,156,34,2026-03-22,7
7,143,4,12,2026-03-25,20
7,144,196,20,2026-03-30,10
7,145,91,11,2026-04-19,8
7,146,20,30,2026-03-27,8
7,147,86,41,2026-03-27,15
7,148,185,10,2026-05-08,9
7,149,45,40,2026-04-11,7
7,150,42,19,2026-03-29,11
7,151,21,11,2026-05-03,5
7,152,166,33,2026-05-03,13
7,153,116,31,2026-05-09,5
7,154,4,50,2026-05-05,20
7,155,198,11,2026-04-15,12
7,156,56,32,2026-05-09,4
7,157,139,45,2026-04-16,5
7,158,21,34,2026-05-01,3
7,159,96,20,2026-05-02,4
7,160,90,40,2026-05-05,6
7,161,66,30,2026-04-16,16
7,162,7,10,2026-04-18,14
7,163,55,29,2026-04-19,19
7,164,114,35,2026-05-15,15
7,165,174,38,2026-03-26,10
7,166,168,37,2026-03-24,12
7,167,84,37,2026-03-23,6
7,168,189,50,2026-05-11,2
7,169,93,14,2026-05-12,19
7,170,28,24,2026-03-25,3
7,171,140,31,2026-05-09,12
7,172,127,47,2026-03-24,10
7,173,65,44,2026-04-08,11
7,174,67,37,2026-04-18,6
7,175,47,48,2026-04-14,5
7,176,190,30,2026-03-24,18
7,177,100,50,2026-04-05,16
7,178,93,39,2026-05-07,11
7,179,28,16,2026-05-14,11
7,180,46,24,2026-05-02,5
7,181,92,40,2026-04-11,20
7,182,45,33,2026-04-12,5
7,183,135,25,2026-04-18,4
7,184,122,18,2026-05-09,3
7,185,0,24,2026-05-14,3
7,186,31,39,2026-04-20,16
7,187,128,15,2026-04-19,6
7,188,92,48,2026-05-13,16
7,189,4,17,2026-04-12,19
7,190,56,47,2026-05-11,13
7,191,18,22,2026-04-10,17
7,192,59,21,2026-04-04,4
7,193,127,12,2026-03-29,8
7,194,170,38,2026-05-09,11
7,195,52,28,2026-05-04,2
7,196,162,43,2026-04-20,5
7,197,92,34,2026-04-19,15
7,198,103,50,2026-05-08,10
7,199,96,24,2026-05-03,16
7,200,46,38,2026-04-18,19
8,1,176,15,2026-05-17,1
8,2,117,11,2026-04-29,9
8,3,9,23,2026-05-04,16
8,4,196,34,2026-03-26,13
8,5,55,33,2026-05-16,20
8,6,92,34,2026-04-05,14
8,7,88,45,2026-03-28,6
8,8,113,21,2026-04-18,11
8,9,190,41,2026-05-03,13
8,10,99,48,2026-05-10,1
8,11,13,36,2026-03-28,7
8,12,40,17,2026-03-27,17
8,13,53,15,2026-03-29,5
8,14,97,15,2026-04-20,18
8,15,33,34,2026-04-13,5
8,16,11,42,2026-04-04,1
8,17,95,39,2026-04-20,13
8,18,94,27,2026-04-24,1
8,19,115,45,2026-04-06,6
8,20,143,31,2026-03-28,20
8,21,12,47,2026-03-30,12
8,22,50,40,2026-03-25,2
8,23,148,37,2026-04-21,16
8,24,14,10,2026-04-15,5
8,25,108,50,2026-05-01,3
8,26,0,23,2026-03-28,18
8,27,97,23,2026-04-07,17
8,28,135,50,2026-04-06,1
8,29,195,36,2026-04-03,18
8,30,183,41,2026-05-18,3
8,31,164,15,2026-03-29,8
8,32,150,38,2026-04-08,14
8,33,9,23,2026-03-31,5
8,34,31,48,2026-04-16,13
8,35,104,16,2026-04-08,17
8,36,72,31,2026-04-01,7
8,37,38,37,2026-04-09,19
8,38,74,49,2026-04-23,12
8,39,17,30,2026-04-20,17
8,40,5,34,2026-05-17,15
8,41,105,37,2026-05-10,19
8,42,158,33,2026-04-24,12
8,43,27,28,2026-04-23,19
8,44,44,21,2026-05-05,12
8,45,49,19,2026-04-27,11
8,46,115,47,2026-03-22,19
8,47,16,29,2026-04-16,16
8,48,160,34,2026-04-08,8
8,49,1,18,2026-05-15,1
8,50,11,18,2026-05-03,8
8,51,182,16,2026-05-14,6
8,52,87,35,2026-03-28,2
8,53,197,12,2026-04-20,9
8,54,152,20,2026-04-16,7
8,55,130,19,2026-05-11,18
8,56,32,21,2026-03-31,11
8,57,124,42,2026-05-12,20
8,58,127,21,2026-05-01,18
8,59,11,13,2026-03-30,14
8,60,39,49,2026-05-06,3
8,61,102,44,2026-05-06,17
8,62,146,36,2026-04-10,14
8,63,163,45,2026-04-25,4
8,64,183,15,2026-04-28,8
8,65,197,33,2026-04-21,18
8,66,178,22,2026-05-16,3
8,67,89,31,2026-04-17,18
8,68,154,15,2026-04-29,2
8,69,33,31,2026-04-15,17
8,70,163,13,2026-04-15,1
8,71,179,45,2026-04-02,15
8,72,15,22,2026-04-10,9
8,73,8,49,2026-03-21,14
8,74,10,47,2026-04-01,10
8,75,8,35,2026-04-22,8
8,76,198,21,2026-04-24,8
8,77,3,32,2026-04-14,18
8,78,192,33,2026-04-20,18
8,79,40,46,2026-05-07,1
8,80,131,28,2026-03-26,17
8,81,117,28,2026-04-03,10
8,82,155,42,2026-05-07,12
8,83,129,17,2026-05-12,20
8,84,194,36,2026-04-15,16
8,85,109,26,2026-05-03,20
8,86,45,43,2026-04-21,12
8,87,28,30,2026-04-14,19
8,88,42,35,2026-05-15,7
8,89,126,35,2026-04-04,6
8,90,111,21,2026-05-12,17
8,91,178,32,2026-03-29,4
8,92,178,40,2026-03-26,8
8,93,179,33,2026-03-22,19
8,94,56,32,2026-04-13,16
8,95,14,28,2026-03-31,4
8,96,114,34,2026-04-05,9
8,97,97,27,2026-03-30,9
8,98,178,50,2026-03-24,11
8,99,129,39,2026-05-17,18
8,100,101,40,2026-03-29,20
8,101,157,20,2026-04-07,19
8,102,162,40,2026-03-24,9
8,103,27,14,2026-04-13,5
8,104,196,28,2026-04-20,1
8,105,45,30,2026-04-25,14
8,106,105,20,2026-04-19,7
8,107,81,23,2026-04-05,13
8,108,105,42,2026-05-13,5
8,109,179,16,2026-05-03,2
8,110,17,37,2026-03-25,11
8,111,92,36,2026-03-30,5
8,112,186,17,2026-03-28,5
8,113,49,48,2026-04-16,18
8,114,106,47,2026-05-14,20
8,115,141,23,2026-03-30,17
8,116,198,35,2026-03-24,6
8,117,22,13,2026-04-07,12
8,118,10,22,2026-05-07,16
8,119,12,44,2026-04-09,11
8,120,103,49,2026-05-17,13
8,121,11,24,2026-04-28,14
8,122,136,43,2026-03-29,10
8,123,102,28,2026-04-17,2
8,124,53,33,2026-05-09,5
8,125,97,23,2026-04-09,7
8,126,29,25,2026-04-26,15
8,127,177,41,2026-04-22,3
8,128,173,42,2026-05-03,11
8,129,42,29,2026-03-21,12
8,130,110,42,2026-04-05,6
8,131,112,20,2026-04-10,16
8,132,6,43,2026-04-22,1
8,133,198,10,2026-05-09,1
8,134,102,20,2026-03-22,14
8,135,191,33,2026-05-06,14
8,136,90,27,2026-05-03,3
8,137,32,47,2026-04-13,20
8,138,22,17,2026-05-07,9
8,139,144,39,2026-05-01,20
8,140,163,42,2026-05-07,9
8,141,62,32,2026-05-05,12
8,142,149,15,2026-04-08,13
8,143,102,46,2026-04-12,14
8,144,180,34,2026-04-17,17
8,145,157,21,2026-04-14,18
8,146,63,49,2026-03-30,20
8,147,167,48,2026-04-18,6
8,148,21,31,2026-04-01,5
8,149,19,29,2026-03-31,10
8,150,93,20,2026-05-08,20
8,151,25,39,2026-04-04,16
8,152,180,27,2026-03-26,6
8,153,22,50,2026-05-16,6
8,154,158,24,2026-03-29,17
8,155,102,18,2026-04-30,11
8,156,196,46,2026-05-10,16
8,157,74,47,2026-04-15,8
8,158,42,26,2026-05-07,1
8,159,126,32,2026-04-11,16
8,160,154,47,2026-03-27,4
8,161,52,24,2026-04-17,14
8,162,175,17,2026-04-09,15
8,163,40,41,2026-04-17,19
8,164,60,10,2026-04-12,19
8,165,171,19,2026-05-06,19
8,166,88,24,2026-05-18,6
8,167,65,42,2026-04-11,12
8,168,193,19,2026-05-16,17
8,169,124,38,2026-05-12,4
8,170,120,34,2026-04-19,13
8,171,52,18,2026-04-20,11
8,172,81,16,2026-04-21,5
8,173,20,24,2026-03-22,16
8,174,99,40,2026-05-16,10
8,175,58,15,2026-03-26,5
8,176,1,12,2026-05-17,10
8,177,109,11,2026-04-04,7
8,178,1,11,2026-04-29,9
8,179,8,16,2026-04-15,9
8,180,21,39,2026-04-17,3
8,181,109,45,2026-05-08,14
8,182,200,13,2026-04-13,14
8,183,57,23,2026-04-26,2
8,184,150,37,2026-03-27,3
8,185,151,40,2026-04-16,14
8,186,82,31,2026-05-12,4
8,187,27,24,2026-04-18,2
8,188,9,17,2026-03-26,19
8,189,137,37,2026-05-13,13
8,190,191,42,2026-04-02,7
8,191,99,39,2026-04-16,13
8,192,60,28,2026-05-02,11
8,193,42,18,2026-03-24,13
8,194,200,22,2026-04-21,10
8,195,83,41,2026-05-08,13
8,196,65,49,2026-04-15,17
8,197,150,49,2026-04-24,9
8,198,3,37,2026-05-09,11
8,199,98,28,2026-04-20,9
8,200,5,22,2026-05-04,7
9,1,136,21,2026-04-13,3
9,2,108,27,2026-04-16,20
9,3,135,48,2026-05-01,5
9,4,27,35,2026-04-11,2
9,5,5,18,2026-05-07,2
9,6,108,34,2026-04-30,13
9,7,111,42,2026-04-07,20
9,8,16,33,2026-04-20,9
9,9,20,50,2026-04-17,12
9,10,16,45,2026-05-05,5
9,11,169,50,2026-04-11,10
9,12,196,26,2026-05-16,14
9,13,89,29,2026-04-02,17
9,14,151,23,2026-04-25,9
9,15,150,17,2026-04-16,3
9,16,162,23,2026-04-25,17
9,17,10,23,2026-04-23,6
9,18,193,18,2026-05-13,12
9,19,100,45,2026-03-20,15
9,20,172,49,2026-03-24,19
9,21,165,14,2026-03-22,14
9,22,50,19,2026-03-30,2
9,23,17,26,2026-03-30,13
9,24,8,45,2026-03-27,6
9,25,162,18,2026-03-20,5
9,26,112,18,2026-05-09,14
9,27,5,36,2026-05-04,6
9,28,114,19,2026-05-05,4
9,29,195,17,2026-04-24,15
9,30,45,15,2026-04-27,19
9,31,24,26,2026-04-16,6
9,32,42,22,2026-03-29,17
9,33,187,27,2026-05-17,12
9,34,136,10,2026-05-05,5
9,35,49,26,2026-03-25,8
9,36,39,37,2026-04-10,6
9,37,82,44,2026-05-12,17
9,38,121,16,2026-04-04,4
9,39,132,34,2026-05-13,3
9,40,46,45,2026-04-07,5
9,41,165,42,2026-03-28,11
9,42,60,34,2026-04-26,18
9,43,141,14,2026-04-20,1
9,44,167,21,2026-03-28,13
9,45,175,36,2026-05-02,16
9,46,38,29,2026-05-13,11
9,47,66,31,2026-04-25,6
9,48,97,47,2026-04-28,19
9,49,177,26,2026-04-12,16
9,50,82,29,2026-03-23,12
9,51,145,14,2026-04-14,16
9,52,9,14,2026-05-01,4
9,53,156,25,2026-04-29,7
9,54,90,31,2026-04-11,9
9,55,31,48,2026-04-18,13
9,56,11,47,2026-05-07,3
9,57,173,38,2026-04-01,19
9,58,179,14,2026-04-12,17
9,59,11,14,2026-04-15,12
9,60,36,32,2026-05-06,4
9,61,80,50,2026-04-13,1
9,62,73,13,2026-05-06,18
9,63,92,15,2026-05-05,7
9,64,56,43,2026-05-13,19
9,65,156,47,2026-04-09,9
9,66,173,49,2026-04-28,2
9,67,200,10,2026-04-02,15
9,68,14,10,2026-04-14,4
9,69,141,42,2026-04-27,8
9,70,3,27,2026-04-29,16
9,71,123,37,2026-05-12,7
9,72,1,33,2026-04-21,11
9,73,180,44,2026-05-13,10
9,74,3,20,2026-04-05,4
9,75,45,19,2026-05-13,2
9,76,34,37,2026-04-27,16
9,77,12,26,2026-05-18,10
9,78,102,13,2026-05-13,17
9,79,73,22,2026-04-15,17
9,80,63,34,2026-04-10,1
9,81,1,12,2026-04-04,11
9,82,172,35,2026-05-12,15
9,83,149,38,2026-04-13,9
9,84,26,32,2026-04-07,10
9,85,162,34,2026-04-25,18
9,86,39,26,2026-03-27,19
9,87,173,19,2026-04-21,20
9,88,101,32,2026-05-12,4
9,89,132,42,2026-04-21,1
9,90,107,38,2026-05-14,18
9,91,173,43,2026-04-09,17
9,92,158,26,2026-03-28,16
9,93,48,11,2026-04-30,17
9,94,11,27,2026-05-06,17
9,95,135,17,2026-05-08,10
9,96,3,10,2026-05-05,16
9,97,64,30,2026-04-22,5
9,98,74,35,2026-05-15,16
9,99,180,15,2026-04-21,16
9,100,51,48,2026-04-05,9
9,101,84,49,2026-04-29,10
9,102,49,48,2026-03-28,18
9,103,163,40,2026-05-10,11
9,104,130,46,2026-04-20,6
9,105,192,23,2026-03-26,19
9,106,92,42,2026-03-25,2
9,107,74,26,2026-04-11,6
9,108,61,24,2026-05-01,12
9,109,9,22,2026-04-24,18
9,110,117,21,2026-04-23,11
9,111,154,31,2026-04-13,14
9,112,162,40,2026-03-28,18
9,113,196,44,2026-04-11,1
9,114,161,43,2026-04-10,16
9,115,129,48,2026-04-12,17
9,116,191,21,2026-05-03,7
9,117,2,24,2026-04-26,16
9,118,29,31,2026-05-01,5
9,119,129,41,2026-04-04,5
9,120,108,16,2026-04-07,7
9,121,89,50,2026-05-03,5
9,122,149,25,2026-03-25,8
9,123,91,50,2026-04-17,4
9,124,76,12,2026-04-05,6
9,125,194,18,2026-04-10,6
9,126,163,50,2026-05-06,7
9,127,51,40,2026-05-08,15
9,128,27,21,2026-04-13,15
9,129,111,25,2026-04-13,6
9,130,146,48,2026-05-15,12
9,131,15,16,2026-03-25,15
9,132,50,43,2026-04-06,7
9,133,7,22,2026-03-21,13
9,134,133,28,2026-03-24,16
9,135,145,13,2026-05-05,16
9,136,183,44,2026-05-12,18
9,137,4,35,2026-05-17,20
9,138,46,16,2026-04-09,11
9,139,137,34,2026-03-24,7
9,140,130,35,2026-04-13,12
9,141,180,25,2026-05-03,13
9,142,5,11,2026-03-30,9
9,143,140,34,2026-03-31,14
9,144,13,28,2026-04-25,10
9,145,5,30,2026-04-19,18
9,146,178,33,2026-05-14,1
9,147,15,25,2026-05-04,9
9,148,82,41,2026-04-14,3
9,149,50,26,2026-05-11,11
9,150,0,12,2026-03-26,11
9,151,161,48,2026-04-30,7
9,152,91,39,2026-03-26,16
9,153,133,44,2026-04-17,13
9,154,8,14,2026-04-06,4
9,155,72,31,2026-05-15,8
9,156,41,33,2026-04-26,7
9,157,192,37,2026-04-08,1
9,158,155,15,2026-05-06,17
9,159,10,11,2026-05-18,13
9,160,125,34,2026-04-16,6
9,161,152,16,2026-04-15,8
9,162,35,43,2026-04-16,1
9,163,194,35,2026-04-21,14
9,164,31,19,2026-05-15,7
9,165,46,48,2026-05-11,19
9,166,7,50,2026-03-22,4
9,167,35,45,2026-04-27,19
9,168,79,16,2026-04-09,9
9,169,10,22,2026-05-10,2
9,170,150,28,2026-04-29,9
9,171,174,47,2026-04-20,10
9,172,125,15,2026-04-04,2
9,173,60,49,2026-04-17,6
9,174,84,19,2026-05-08,11
9,175,92,39,2026-05-05,7
9,176,40,25,2026-04-21,19
9,177,43,17,2026-05-17,4
9,178,196,26,2026-05-15,5
9,179,132,41,2026-03-25,14
9,180,19,34,2026-03-20,6
9,181,41,24,2026-05-03,10
9,182,117,26,2026-04-09,3
9,183,174,35,2026-03-30,6
9,184,29,12,2026-04-23,6
9,185,79,10,2026-05-05,11
9,186,178,40,2026-04-07,6
9,187,190,30,2026-04-08,12
9,188,13,18,2026-04-30,10
9,189,109,30,2026-04-13,17
9,190,182,45,2026-05-12,12
9,191,118,44,2026-04-27,15
9,192,14,43,2026-05-03,20
9,193,17,14,2026-05-02,15
9,194,22,42,2026-05-10,5
9,195,60,34,2026-04-16,4
9,196,199,49,2026-05-13,6
9,197,150,50,2026-04-03,14
9,198,152,25,2026-03-30,13
9,199,178,24,2026-03-28,2
9,200,74,43,2026-04-14,13
10,1,119,48,2026-04-14,8
10,2,183,41,2026-03-31,18
10,3,165,38,2026-04-21,16
10,4,177,43,2026-04-18,1
10,5,87,49,2026-04-14,18
10,6,103,26,2026-03-20,1
10,7,21,42,2026-03-22,19
10,8,72,29,2026-04-27,13
10,9,197,30,2026-04-02,11
10,10,55,41,2026-04-11,13
10,11,143,14,2026-03-25,1
10,12,69,14,2026-05-11,12
10,13,110,28,2026-04-22,20
10,14,12,13,2026-05-02,3
10,15,10,37,2026-05-05,1
10,16,58,33,2026-05-05,5
10,17,148,44,2026-04-28,3
10,18,128,40,2026-04-18,7
10,19,0,37,2026-04-01,15
10,20,0,31,2026-05-03,4
10,21,20,30,2026-03-24,14
10,22,114,29,2026-04-03,10
10,23,58,36,2026-05-11,1
10,24,0,24,2026-04-28,17
10,25,7,17,2026-03-30,8
10,26,149,18,2026-04-20,12
10,27,114,43,2026-03-30,13
10,28,4,27,2026-04-14,12
10,29,24,41,2026-03-22,12
10,30,140,46,2026-03-30,13
10,31,192,50,2026-05-14,19
10,32,4,12,2026-04-12,2
10,33,192,39,2026-03-30,9
10,34,31,36,2026-05-12,6
10,35,74,34,2026-04-03,20
10,36,146,14,2026-05-15,9
10,37,45,43,2026-03-24,12
10,38,144,27,2026-05-08,3
10,39,43,36,2026-05-01,3
10,40,179,13,2026-04-23,5
10,41,168,19,2026-03-27,2
10,42,200,18,2026-05-17,14
10,43,172,50,2026-04-01,15
10,44,167,35,2026-05-10,16
10,45,65,24,2026-04-05,10
10,46,184,35,2026-04-06,15
10,47,69,34,2026-03-30,19
10,48,116,23,2026-03-24,16
10,49,195,40,2026-04-02,2
10,50,178,13,2026-04-22,20
10,51,146,48,2026-04-01,12
10,52,135,15,2026-04-11,8
10,53,170,11,2026-05-13,10
10,54,157,31,2026-04-09,2
10,55,36,42,2026-05-14,9
10,56,90,34,2026-04-29,13
10,57,81,36,2026-05-01,3
10,58,161,40,2026-04-12,4
10,59,62,32,2026-04-07,2
10,60,133,17,2026-04-24,13
10,61,106,45,2026-04-18,1
10,62,8,48,2026-05-04,13
10,63,110,40,2026-04-09,8
10,64,92,40,2026-04-17,5
10,65,51,20,2026-04-25,16
10,66,19,25,2026-05-02,10
10,67,139,39,2026-05-12,3
10,68,91,32,2026-03-20,8
10,69,64,39,2026-03-23,13
10,70,4,24,2026-05-10,7
10,71,82,38,2026-03-28,2
10,72,12,10,2026-05-10,4
10,73,192,20,2026-04-25,4
10,74,2,10,2026-04-28,5
10,75,171,25,2026-04-26,6
10,76,56,34,2026-04-25,12
10,77,57,41,2026-05-10,14
10,78,49,28,2026-04-20,9
10,79,96,37,2026-05-06,6
10,80,6,42,2026-04-19,20
10,81,42,15,2026-04-19,12
10,82,72,39,2026-04-14,9
10,83,97,43,2026-04-10,5
10,84,21,22,2026-05-06,9
10,85,116,29,2026-04-23,1
10,86,14,24,2026-04-12,3
10,87,48,20,2026-04-03,15
10,88,157,38,2026-05-11,18
10,89,31,12,2026-05-14,18
10,90,101,32,2026-04-06,1
10,91,178,29,2026-04-20,8
10,92,188,27,2026-03-22,15
10,93,154,36,2026-04-22,17
10,94,188,30,2026-03-26,17
10,95,96,36,2026-05-03,19
10,96,34,38,2026-04-29,10
10,97,14,47,2026-04-04,19
10,98,160,14,2026-03-21,13
10,99,178,27,2026-05-06,20
10,100,123,49,2026-04-23,20
10,101,19,21,2026-05-17,8
10,102,115,33,2026-05-09,15
10,103,74,30,2026-05-15,20
10,104,65,26,2026-04-12,12
10,105,189,12,2026-04-28,16
10,106,104,32,2026-05-13,4
10,107,109,19,2026-05-07,20
10,108,182,30,2026-05-17,3
10,109,160,42,2026-04-16,18
10,110,137,26,2026-05-07,8
10,111,148,11,2026-05-13,18
10,112,4,47,2026-04-10,19
10,113,19,28,2026-04-27,4
10,114,110,26,2026-04-24,14
10,115,147,43,2026-04-27,11
10,116,0,17,2026-05-15,19
10,117,31,13,2026-04-30,7
10,118,35,15,2026-04-13,3
10,119,36,42,2026-04-14,20
10,120,169,28,2026-04-30,16
10,121,161,39,2026-05-04,1
10,122,13,16,2026-04-06,8
10,123,7,48,2026-05-12,16
10,124,25,35,2026-04-30,10
10,125,99,35,2026-04-04,12
10,126,122,16,2026-05-09,8
10,127,0,23,2026-05-06,3
10,128,127,49,2026-04-24,6
10,129,23,26,2026-03-21,16
10,130,27,46,2026-05-11,6
10,131,99,45,2026-04-02,17
10,132,192,13,2026-03-25,10
10,133,7,38,2026-04-26,13
10,134,82,18,2026-05-02,6
10,135,3,31,2026-04-11,4
10,136,19,27,2026-04-22,16
10,137,79,12,2026-05-05,10
10,138,188,22,2026-05-14,9
10,139,66,15,2026-05-11,6
10,140,24,25,2026-04-11,15
10,141,187,11,2026-04-10,5
10,142,48,50,2026-05-01,4
10,143,19,23,2026-05-05,3
10,144,166,48,2026-05-04,20
10,145,75,48,2026-03-28,5
10,146,0,18,2026-05-18,8
10,147,149,40,2026-03-24,1
10,148,56,42,2026-03-21,12
10,149,65,45,2026-05-01,3
10,150,25,41,2026-04-09,7
10,151,51,34,2026-05-02,12
10,152,180,43,2026-04-20,4
10,153,193,46,2026-05-15,5
10,154,61,49,2026-04-25,17
10,155,176,50,2026-03-27,2
10,156,64,45,2026-03-20,12
10,157,116,46,2026-04-12,15
10,158,123,47,2026-04-10,6
10,159,60,50,2026-05-08,20
10,160,65,18,2026-05-10,11
10,161,26,37,2026-05-10,1
10,162,51,28,2026-04-01,19
10,163,8,25,2026-04-29,13
10,164,99,43,2026-04-28,6
10,165,103,34,2026-05-02,7
10,166,186,38,2026-05-16,1
10,167,94,39,2026-05-17,6
10,168,7,12,2026-05-11,6
10,169,185,11,2026-05-18,14
10,170,70,24,2026-04-30,11
10,171,63,48,2026-03-29,19
10,172,123,31,2026-05-18,2
10,173,160,43,2026-04-12,2
10,174,134,40,2026-04-28,4
10,175,192,16,2026-04-13,3
10,176,11,14,2026-05-12,18
10,177,58,45,2026-03-26,16
10,178,1,22,2026-04-08,20
10,179,135,15,2026-04-16,8
10,180,81,25,2026-03-24,20
10,181,7,11,2026-04-16,6
10,182,169,48,2026-04-23,4
10,183,65,21,2026-05-02,20
10,184,69,17,2026-03-26,3
10,185,115,40,2026-05-18,10
10,186,4,11,2026-04-01,15
10,187,4,13,2026-04-04,15
10,188,35,42,2026-04-18,16
10,189,107,29,2026-05-03,12
10,190,162,22,2026-04-03,13
10,191,10,15,2026-05-12,19
10,192,36,38,2026-05-18,5
10,193,30,32,2026-04-26,17
10,194,18,21,2026-05-09,3
10,195,76,49,2026-04-06,2
10,196,123,22,2026-04-19,2
10,197,103,40,2026-04-09,4
10,198,58,19,2026-05-02,11
10,199,93,21,2026-05-03,10
10,200,101,14,2026-03-25,15
